CallerProcessId,CallerProcessName,SubjectDomainName,SubjectLogonId,SubjectUserName,SubjectUserSid,TargetDomainName,TargetSid,TargetUserName,Channel,Computer,Value,EventRecordID,ProcessID,ThreadID,Keywords,Level,Opcode,Guid,Name,Task,SystemTime,Version
9192,C:\Windows\System32\net1.exe,3B,37668629,jbrown,S-1-5-21-308926384-506822093-3341789130-1105,Builtin,S-1-5-32-544,Administrators,Security,01566s-win16-ir.threebeesco.com,4799,3819707,724,10848,9232379236109516800,0,0,54849625-5478-4994-A5BA-3E3B0328C30D,Microsoft-Windows-Security-Auditing,13826,1.6745611221550288e+09,0
0,-,3B,46031475,jbrown,S-1-5-21-308926384-506822093-3341789130-1105,Builtin,S-1-5-32-544,Administrators,Security,01566s-win16-ir.threebeesco.com,4799,3819735,724,2604,9232379236109516800,0,0,54849625-5478-4994-A5BA-3E3B0328C30D,Microsoft-Windows-Security-Auditing,13826,1.6745611943990512e+09,0
0,-,3B,46089997,jbrown,S-1-5-21-308926384-506822093-3341789130-1105,Builtin,S-1-5-32-544,Administrators,Security,01566s-win16-ir.threebeesco.com,4799,3819752,724,2604,9232379236109516800,0,0,54849625-5478-4994-A5BA-3E3B0328C30D,Microsoft-Windows-Security-Auditing,13826,1.6745612424164913e+09,0
0,-,3B,46113623,jbrown,S-1-5-21-308926384-506822093-3341789130-1105,Builtin,S-1-5-32-555,Remote Desktop Users,Security,01566s-win16-ir.threebeesco.com,4799,3819771,724,2604,9232379236109516800,0,0,54849625-5478-4994-A5BA-3E3B0328C30D,Microsoft-Windows-Security-Auditing,13826,1.6745612580016384e+09,0
0,-,3B,46138199,jbrown,S-1-5-21-308926384-506822093-3341789130-1105,Builtin,S-1-5-32-545,Users,Security,01566s-win16-ir.threebeesco.com,4799,3819788,724,10940,9232379236109516800,0,0,54849625-5478-4994-A5BA-3E3B0328C30D,Microsoft-Windows-Security-Auditing,13826,1.6745612828999937e+09,0
